{
    "minute_hour":
        {
            "input_sample_period": 60.0,
            "output_sample_period": 3600.0,
            "window": [1.0, 1.0, 1.0, 1.0, 1.0, 1.0, 1.0, 1.0, 1.0, 1.0, 1.0, 1.0, 1.0, 1.0, 1.0, 1.0, 1.0, 1.0, 1.0, 1.0, 1.0, 1.0, 1.0, 1.0, 1.0, 1.0, 1.0, 1.0, 1.0, 1.0, 1.0, 1.0, 1.0, 1.0, 1.0, 1.0, 1.0, 1.0, 1.0, 1.0, 1.0, 1.0, 1.0, 1.0, 1.0, 1.0, 1.0, 1.0, 1.0, 1.0, 1.0, 1.0, 1.0, 1.0, 1.0, 1.0, 1.0, 1.0, 1.0, 1.0, 1.0, 1.0, 1.0, 1.0, 1.0, 1.0, 1.0, 1.0, 1.0, 1.0, 1.0, 1.0, 1.0, 1.0, 1.0, 1.0, 1.0, 1.0, 1.0, 1.0, 1.0, 1.0, 1.0, 1.0, 1.0, 1.0, 1.0, 1.0, 1.0, 1.0, 1.0],
            "decimation": 60
        },

    "second_minute":
        {
            "input_sample_period": 1.0,
            "output_sample_period": 60.0,
            "window": [0.01643713318360501, 0.019651218561382928, 0.023400722492125433, 0.02775526737890777, 0.03278973698882559, 0.03858396184743399, 0.045222240407727855, 0.052792678621723516, 0.06138633289629947, 0.07109614469807718, 0.08201565931994606, 0.09423752653435916, 0.10785178699464472, 0.12294395521823218, 0.1395929176585989, 0.15786867255910209, 0.17782994674541708, 0.19952173297211612, 0.2229727995719144, 0.248193231612587, 0.27517206917842624, 0.30387511338961937, 0.33424297399736286, 0.3661894335202707, 0.3996002016446669, 0.4343321297924054, 0.47021294924503704, 0.5070415869820731, 0.5445891015335442, 0.5826002668691114, 0.6207958159710592, 0.6588753377026334, 0.6965208014244467, 0.733400664153697, 0.7691744955911255, 0.8034980377835901, 0.8360285992777383, 0.8664306690594046, 0.8943816240131247, 0.9195773956360672, 0.9417379577417246, 0.9606124971887967, 0.9759841344060666, 0.9876740696177024, 0.9955450439915077, 0.9995040220493265, 0.9995040220493265, 0.9955450439915077, 0.9876740696177024, 0.9759841344060666, 0.9606124971887967, 0.9417379577417246, 0.9195773956360672, 0.8943816240131247, 0.8664306690594046, 0.8360285992777383, 0.8034980377835901, 0.7691744955911255, 0.733400664153697, 0.6965208014244467, 0.6588753377026334, 0.6207958159710592, 0.5826002668691114, 0.5445891015335442, 0.5070415869820731, 0.47021294924503704, 0.4343321297924054, 0.3996002016446669, 0.3661894335202707, 0.33424297399736286, 0.30387511338961937, 0.27517206917842624, 0.248193231612587, 0.2229727995719144, 0.19952173297211612, 0.17782994674541708, 0.15786867255910209, 0.1395929176585989, 0.12294395521823218, 0.10785178699464472, 0.09423752653435916, 0.08201565931994606, 0.07109614469807718, 0.06138633289629947, 0.052792678621723516, 0.045222240407727855, 0.03858396184743399, 0.03278973698882559, 0.02775526737890777, 0.023400722492125433, 0.019651218561382928],
            "decimation": 60
        },

    "tenhertz_second":
        {
            "input_sample_period": 0.1,
            "output_sample_period": 1.0,
            "window": [7.2383512291811e-20, -1.2056376791655608e-06, -4.277196717501353e-06, -7.5805261904864375e-06, -8.59990999152702e-06, -4.352200290023471e-06, 8.043963361551641e-06, 3.0701315868917085e-05, 6.427827433229615e-05, 0.0001073700606602676, 0.0001560816599615354, 0.00020388616910009576, 0.00024185700619301848, 0.00025933209524235326, 0.0002450226563246427, 0.00018852107781718654, 8.209652210988845e-05, -7.739918781232675e-05, -0.0002867500325918265, -0.0005349914806186782, -0.0008027060600497537, -0.0010622553823292288, -0.0012791392276245408, -0.0014145673052782018, -0.0014291915650927083, -0.0012877883456455183, -0.0009645169835343987, -0.00044823496583773606, 0.0002527592710099408, 0.0011072361616178833, 0.0020594556416456693, 0.003030052274417012, 0.003919751576353979, 0.004616024837980743, 0.005002478119825618, 0.00497043638509675, 0.004431861432275871, 0.0033324707796725693, 0.0016637408771624192, -0.0005275870204826471, -0.0031338054694460423, -0.005985429793316386, -0.008856003607624372, -0.011472773771948486, -0.013532939805804448, -0.014724611301843292, -0.014751069175579001, -0.01335648103342966, -0.010350920336899746, -0.00563242456755335, 0.0007960763923794444, 0.008816820028521606, 0.01819561067428389, 0.028589246251964705, 0.03956189575747365, 0.050609556738525054, 0.06119097341299261, 0.07076276709804766, 0.07881608572184706, 0.08491186632556437, 0.08871184974287996, 0.09000279117740173, 0.08871184974287996, 0.08491186632556437, 0.07881608572184706, 0.07076276709804766, 0.06119097341299261, 0.05060955673852507, 0.03956189575747365, 0.028589246251964708, 0.01819561067428389, 0.008816820028521606, 0.0007960763923794446, -0.005632424567553352, -0.010350920336899747, -0.013356481033429665, -0.014751069175579008, -0.014724611301843292, -0.013532939805804448, -0.01147277377194849, -0.008856003607624379, -0.005985429793316389, -0.003133805469446045, -0.0005275870204826471, 0.0016637408771624203, 0.0033324707796725693, 0.004431861432275873, 0.004970436385096754, 0.005002478119825619, 0.0046160248379807445, 0.003919751576353979, 0.003030052274417014, 0.0020594556416456715, 0.0011072361616178837, 0.0002527592710099409, -0.00044823496583773606, -0.0009645169835343994, -0.00128778834564552, -0.001429191565092709, -0.0014145673052782036, -0.0012791392276245408, -0.0010622553823292297, -0.0008027060600497556, -0.0005349914806186782, -0.00028675003259182703, -7.739918781232675e-05, 8.209652210988856e-05, 0.00018852107781718695, 0.0002450226563246427, 0.000259332095242354, 0.00024185700619301848, 0.0002038861691000964, 0.0001560816599615354, 0.00010737006066026785, 6.427827433229639e-05, 3.0701315868917085e-05, 8.043963361551653e-06, -4.352200290023471e-06, -8.59990999152696e-06, -7.5805261904864375e-06, -4.277196717501353e-06, -1.2056376791654907e-06, 7.2383512291811e-20],
            "decimation": 10
        }
}
