{"M32": -0.01180935148401141, "M41": -0.0, "M44": 0.99999999999999933, "PC": -22, "M24": -0.84581925857364959, "M43": 0.0, "M34": 905.38008854545569, "M33": 0.99618690125020359, "M21": 0.16680172992706135, "M22": 0.98791620101213118, "M23": -0.0049868332295738282, "M11": 0.98342757670901493, "M42": -0.0, "M13": 0.027384986325145133, "M12": -0.15473074200900333, "M14": -1276.1646812010899, "M31": -0.00672505308297056}
