{"M21": 0.16680172992706568, "M22": 0.98791620101212796, "M11": 0.98342757670906167, "M12": -0.15473074200902157}