{"M32": -0.011809351484171948, "M41": -0.0, "M44": 1.0, "PC": -22, "M24": -0.84581925813504188, "M43": 0.0, "M34": 905.38008857968441, "M33": 0.99618690124939757, "M21": 0.16680172992706568, "M22": 0.98791620101212796, "M23": -0.0049868332295851525, "M11": 0.98342757670906167, "M42": -0.0, "M13": 0.027384986324932026, "M12": -0.15473074200902157, "M14": -1276.1646811919759, "M31": -0.006725053082782385}